{"cameraMode":{"drawMode":0,"name":"Shaded","section":"Shading Mode"},"sceneLighting":false,"audioPlay":false,"sceneViewState":{"showFog":false,"showMaterialUpdate":false,"showSkybox":false,"showFlares":false,"showImageEffects":false,"showParticleSystems":false},"in2DMode":false,"pivot":{"x":0.1618342399597168,"y":3.087249279022217,"z":-0.7454757690429688},"rotation":{"x":-0.0019886840600520374,"y":0.9944330453872681,"z":-0.10360649973154068,"w":-0.019095825031399728},"size":30.9145450592041,"orthographic":false}